{"name":"All subdomains (Created on 12/9/2008)","id":"13379285|undefined","type":"custom","source":"google_analytics","dataByBrowser":{"ie":{"6":0,"7":0.28695764768140336,"8":0.002612186073220026,"9":0.1373874761440981,"10":0.1714359704777936,"11":8.098610024264056},"edge":{"12":0.027855811832527343,"13":0.20242190182909325,"14":2.835100124416621,"15":0.28436798045364214},"firefox":{"2":0,"3":0,"4":0,"5":0,"6":0.0004954146000934532,"7":0.0012835741911512196,"8":0.004165986409876766,"9":0.00027022614550551994,"10":0.0015538003366567397,"11":0.002274403391338126,"12":0.004256061791711938,"13":0.002139290318585366,"14":0.0015538003366567397,"15":0.0012160176547748398,"16":0.0024545541550084725,"17":0.001306093036610013,"18":0.0014637249548215662,"19":0.0012160176547748398,"20":0.0012160176547748398,"21":0.0024320353095496797,"22":0.0005854899819286265,"23":0.0007431219001401799,"24":0.004075911028041592,"25":0.001869064173079846,"26":0.0010583857365632863,"27":0.0009007538183517331,"28":0.005156815610063672,"29":0.007588850919613352,"30":0.0022969222367969196,"31":0.014186872639039796,"32":0.009683103547281132,"33":0.016686464484965857,"34":0.017024247166847754,"35":0.017925000985199488,"36":0.04681667970883133,"37":0.007093436319519898,"38":0.041975127935190766,"39":0.016663945639507065,"40":0.0246356169319199,"41":0.025626446132106805,"42":0.010448744292880103,"43":0.10959922084794711,"44":0.016010899121202057,"45":2.403931790417105,"46":0.04123200603505058,"47":0.09915047655506702,"48":0.28835381609984856,"49":0.04424953132652889,"50":0.1309470863428832,"51":0.13925654031717793,"52":0.8144165648627195,"53":8.883279194275708,"54":0.10923891932060642,"55":0.002184328009502953,"56":0.0003377826818818999,"3.5":0,"3.6":0.00018015076367034662},"chrome":{"4":0,"5":0.00009007538183517331,"6":0.0006530465183050065,"7":0.00009007538183517331,"8":0.00009007538183517331,"9":0.0003377826818818999,"10":0.00009007538183517331,"11":0.0015538003366567397,"12":0.0003377826818818999,"13":0.0001576319182115533,"14":0,"15":0.0001576319182115533,"16":0.00009007538183517331,"17":0.0012160176547748398,"18":0.004030873337124006,"19":0.0007206030546813865,"20":0.0015763191821155328,"21":0.000833197281975353,"22":0.00036030152734069324,"23":0.002904931064184339,"24":0.0015763191821155328,"25":0.004819032928181772,"26":0.0028598933732667526,"27":0.002657223764137613,"28":0.001846545327621053,"29":0.003310270282442619,"30":0.003873241418912452,"31":0.007791520528742492,"32":0.0022293657004205394,"33":0.008399529356129911,"34":0.006733134792179205,"35":0.010628895056550451,"36":0.0014186872639039797,"37":0.007431219001401798,"38":0.03873241418912453,"39":0.00954799047452837,"40":0.014502136475462904,"41":0.008309453974294737,"42":0.007611369765072145,"43":0.050757477664120164,"44":0.015718154130237742,"45":0.23160632554368935,"46":0.01812767059432863,"47":0.044564795162951996,"48":0.023397080431686267,"49":0.7149057867803118,"50":0.08331972819753532,"51":0.12261511352312966,"52":0.10689695939289191,"53":0.1629914034307461,"54":0.14662020278220336,"55":0.302473132202512,"56":0.7244087395639226,"57":8.086584960789061,"58":29.585596946444554,"59":0.09097613565352505,"60":0.03404849433369551,"61":0.006733134792179205},"safari":{"4":0.0005854899819286265,"5":0.012227733084124778,"6":0.004751476391805392,"7":0.018578047503504495,"8":0.1359462700347353,"9":0.15941090700279797,"10":1.1684578531658683,"3.1":0,"3.2":0,"5.1":0.040804147971333506,"6.1":0.027067652241469578,"7.1":0.013038411520641335,"9.1":1.0845075972954867,"10.1":4.465869874851516,"TP":0},"opera":{"15":0,"16":0,"17":0.0001576319182115533,"18":0.00009007538183517331,"19":0,"20":0.0002477073000467266,"21":0,"22":0.0003377826818818999,"23":0,"24":0,"25":0,"26":0,"27":0.00040533921825827994,"28":0,"29":0,"30":0.00009007538183517331,"31":0,"32":0.0006530465183050065,"33":0,"34":0,"35":0.00018015076367034662,"36":0.002679742609596406,"37":0.0008106784365165599,"38":0.00018015076367034662,"39":0.0003377826818818999,"40":0.00036030152734069324,"41":0.0011934988093160463,"42":0.003085081827854686,"43":0.04449723862657562,"44":0.030513035596664958,"45":0.04177245832606163,"46":0.0003377826818818999,"10.0-10.1":0,"11.5":0,"12.1":0.021663129331359183},"ios_saf":{"8":0.01103423427480873,"3.2":0,"4.0-4.1":0.0001576319182115533,"4.2-4.3":0.0021167714731265726,"5.0-5.1":0.01157468656581977,"6.0-6.1":0.025131031532013355,"7.0-7.1":0.09721385584561079,"8.1-8.4":0.24473481244616588,"9.0-9.2":0.1903968383540976,"9.3":1.0267467586936818,"10.0-10.2":4.611431691897156,"10.3":9.929459716600329},"op_mini":{"all":0.5873365272562475},"android":{"3":0.0016213568730331198,"4":0.011394535802149424,"56":0,"2.1":0.0001576319182115533,"2.2":0.0009007538183517331,"2.3":0.017362029848729654,"4.1":0.03463398431562414,"4.2-4.3":0.04460983285386958,"4.4":0.06643059410344032,"4.4.3-4.4.4":0},"bb":{"7":0.0029499687551019257,"10":0.01778988791244673},"op_mob":{"12":0.01360138265711117,"37":0.01360138265711117,"12.1":0.01360138265711117},"and_chr":{"57":8.383113117790451},"and_ff":{"52":0.10610879980183416},"ie_mob":{"10":0,"11":0},"and_uc":{"11.4":0.17058025435035945},"samsung":{"4":0,"5":0},"and_qq":{"1.2":0},"baidu":{"7.12":0}},"meta":{"start_date":"2017-05-06","end_date":"2017-06-05"},"uid":"custom.13379285|undefined"}